"","sampleID","seqnames","start","end","width","strand","hgncSymbol","addHgncSymbols","type","pValue","padjust","zScore","psiValue","deltaPsi","meanCounts","meanTotalCounts","counts","totalCounts","pValueGene","padjustGene","STRAND_SPECIFIC","PAIRED_END"
"1",3002710,"chr1",23749020,23749021,2,"*","ELOA-AS1","ELOA","theta",2.1165e-08,0,3.65,0.52,0.47,2.71,153.69,15,29,2.32815e-07,0.0114889782146886,"no",TRUE
"2",3002710,"chr9",97641663,97643203,1541,"+","NCBP1",NA,"psi5",6.6374e-08,0,-4.68,0.43,-0.52,126.37,126.69,6,14,1.128358e-06,0.0371215499584637,"no",TRUE
"3",3002725,"chr1",214334309,214334728,420,"+","SMYD2",NA,"psi5",1.7677e-08,0,3.92,0.33,0.32,2.37,182.34,47,141,1.94447e-07,0.00834960644431158,"no",TRUE
"4",3002726,"chr17",38242286,38256897,14612,"-","NPEPPSP1_2","NPEPPSP1_3","psi5",9.9365e-12,0,-5.07,0.16,-0.82,145.77,167.86,146,896,1.19238e-10,4.34526997837751e-06,"no",TRUE
"5",3002726,"chr6",31412226,31412324,99,"+","MICA","ENSG00000288587","psi3",9.2337e-10,0,-3.97,0.5,-0.49,247.14,249.86,28,56,1.108044e-08,0.000193820775038347,"no",TRUE
"6",3002729,"chr19",40763676,40765007,1332,"+","SNRPA",NA,"psi5",3.8257e-14,0,-5.05,0.64,-0.36,502.86,511.77,526,823,1.53028e-13,7.78056307306814e-09,"no",TRUE
"7",3002729,"chr6",26440649,26443381,2733,"+","BTN3A3",NA,"psi5",2.0661e-08,0,-3.69,0.06,-0.84,63.8,70.43,3,49,3.30576e-07,0.0076698914507481,"no",TRUE
"8",3002729,"chr3",108576347,108579280,2934,"-","CIP2A",NA,"psi3",3.7269e-07,0,-4.56,0.62,-0.35,60.8,61.17,18,29,1.86345e-06,0.0345880141907375,"no",TRUE
"9",3002730,"chr2",169811315,169811667,353,"+","SSB",NA,"psi3",2.5097e-15,0,5.1,0.33,0.33,6.29,1035.37,209,625,1.50582e-14,1.28902983097825e-09,"no",TRUE
"10",3002730,"chr1",39548952,39553117,4166,"-","PPIEL","PPIEL_2","psi3",1.3742e-07,0,-4.48,0,-0.78,26.26,31.43,0,15,2.19872e-06,0.0268882039588159,"no",TRUE
"11",3002730,"chr1",218302293,218302294,2,"*","RRP15",NA,"theta",2.5409e-07,0,3.88,0.38,0.37,3.06,187.83,39,103,5.0818e-07,0.014500608295514,"no",TRUE
"12",3002731,"chr6",29944617,29945058,442,"+","HLA-A",NA,"psi3",3.5678e-11,0,-3.05,0.57,-0.42,2368.06,2428.71,1364,2407,4.63814e-10,4.06497931616722e-05,"no",TRUE
"13",3002731,"chr6",29890297,29890438,142,"+","HLA-H",NA,"psi5",2.2859e-08,0,3.9,1,0.91,44.86,887.71,91,91,2.51449e-07,0.0073458684161534,"no",TRUE
"14",3003566,"chr19",45770246,45770247,2,"*","DM1-AS","DMPK","theta",1.2388e-10,0,-3.68,0,-0.91,57.46,58.71,0,42,1.2388e-09,0.000111301693491851,"no",TRUE
"15",3003579,"chr6",31271869,31271998,130,"-","HLA-C",NA,"psi3",6.218e-08,0,-2.33,0.23,-0.75,1096.03,1148.23,64,278,1.36796e-06,0.0286449637800774,"no",TRUE
"16",3003588,"chr17",16382339,16382340,2,"*","UBB","ENSG00000265401","theta",5.9765e-11,0,-5.15,0.65,-0.34,2958.23,3012.09,1442,2230,5.37885e-10,4.73945523452553e-05,"no",TRUE
"17",3003588,"chr17",16382340,16382567,228,"-","ENSG00000265401",NA,"psi5",3.865e-07,0,5.05,0.95,0.58,53.86,137.66,788,828,7.73e-07,0.0231583929856053,"no",TRUE
"18",3003767,"chr2",169584491,169603641,19151,"+","PPIG",NA,"psi5",6.7221e-09,0,-4.54,0,-0.86,55.37,57.34,0,9,5.37768e-08,0.00300405328248801,"no",TRUE
"19",3003768,"chr6",29830411,29830767,357,"+","HLA-G",NA,"psi5",4.167e-15,0,3.39,0.77,0.73,1.77,1159.34,10,13,7.0839e-14,6.04968933899637e-09,"no",TRUE
"20",3003768,"chr6",29725564,29830377,104814,"+","HLA-F","HCG9P5;Y_RNA_268;ENSG00000285761;HLA-V;HLA-V_2;HLA-P;HLA-G","psi3",2.3168e-12,0,-3.56,0,-0.91,229.6,232.2,0,13,2.54848e-11,7.25471952203611e-07,"no",TRUE
"21",3003768,"chr22",43174616,43176319,1704,"-","TTLL12",NA,"psi5",3.177e-11,0,-4.99,0.59,-0.4,196.49,199.26,130,219,1.5885e-10,3.391469217167e-06,"no",TRUE
"22",3003768,"chr9",136375801,136376348,548,"-","SNAPC4",NA,"psi3",3.2482e-11,0,-5.09,0.35,-0.63,85.29,86.31,19,55,4.8723e-10,8.32194168929319e-06,"no",TRUE
"23",3003816,"chr6",121446831,121446832,2,"*","GJA1",NA,"theta",4.5501e-14,0,5.11,0.5,0.5,1.37,290.71,44,88,2.27505e-13,2.00582651271438e-08,"no",TRUE
"24",3005008,"chr3",78662114,78662115,2,"*","ROBO1",NA,"theta",2.0806e-08,0,4.99,0.38,0.37,1.26,73.74,42,112,2.0806e-08,0.00166775174313078,"no",TRUE
"25",3005210,"chr12",124911900,124913267,1368,"-","UBC",NA,"psi5",1.0916e-12,0,-2.83,0.17,-0.41,895.89,1626.29,6,35,5.34884e-11,4.52574593058364e-06,"no",TRUE
"26",3005210,"chr4",859723,866363,6641,"-","GAK",NA,"psi5",1.2726e-10,0,5.25,0.43,0.43,2.77,142.06,97,223,1.2726e-09,5.38384422721631e-05,"no",TRUE
"27",3005210,"chr19",45770204,45770205,2,"*","DM1-AS","DMPK","theta",1.0273e-07,0,5.02,1,0.63,44.49,148.54,69,69,9.2457e-07,0.0260764883291811,"no",TRUE
"28",3005298,"chr12",105164741,105166851,2111,"+","WASHC4",NA,"psi5",6.2491e-11,0,5.48,0.4,0.4,2.06,164.09,72,178,3.12455e-10,2.57722025298055e-05,"no",TRUE
"29",3005298,"chr19",45770205,45770228,24,"+","DM1-AS",NA,"psi5",4.3875e-09,0,3.87,1,0.92,3.31,104.06,33,33,3.94875e-08,0.00108568150869266,"no",TRUE
"30",3005298,"chr15",42160830,42161681,852,"-","VPS39",NA,"psi5",8.8759e-08,0,-3.69,0.55,-0.4,114.26,120.51,83,151,4.43795e-07,0.00732110199658513,"no",TRUE
"31",3028664,"chr20",17621774,17624575,2802,"-","RRBP1",NA,"psi5",2.0097e-16,0,5.39,0.35,0.35,6.46,1466.03,221,635,1.80873e-15,1.60881338117881e-10,"no",TRUE
"32",3029076,"chr12",124913111,124913112,2,"*","UBC",NA,"theta",6.7581e-15,0,-5.19,0.58,-0.42,3685.11,3746.34,2709,4670,2.02743e-13,1.90729175969939e-08,"no",TRUE
"33",3029076,"chr3",75673193,75673194,2,"*","LINC00960",NA,"theta",3.3077e-12,0,4.93,1,0.93,1.14,51.4,28,28,4.63078e-11,2.17818828146489e-06,"no",TRUE
"34",3029076,"chr19",49887475,49887476,2,"*","TBC1D17",NA,"theta",7.8995e-08,0,4.06,0.41,0.37,5.46,151.51,31,76,5.52965e-07,0.0130049568653686,"no",TRUE
"35",3029385,"chr8",143318087,143321200,3114,"-","TOP1MT",NA,"psi5",1.3196e-09,0,-3.83,0.52,-0.44,116.29,117.51,27,52,2.6392e-09,0.000238875577000826,"no",TRUE
"36",3029387,"chr19",55059276,55062967,3692,"-","RDH13",NA,"psi5",3.2323e-07,0,-4.47,0,-0.76,20.86,23.03,0,16,9.6969e-07,0.0385175686039966,"no",TRUE
"37",3029388,"chr9",111563232,111574733,11502,"-","PTGR1",NA,"psi5",9.2623e-09,0,4.24,0.36,0.34,19.11,596.17,288,800,6.48361e-08,0.00608895885513549,"no",TRUE
"38",3030732,"chr17",16439692,16439693,2,"*","SNHG29",NA,"theta",3.5378e-15,0,-4.82,0.32,-0.68,836.17,850.29,214,678,6.36804e-14,5.80812407296196e-09,"no",TRUE
"39",3030732,"chr16",80997430,80998284,855,"-","ENSG00000286221","CMC2","psi3",1.3112e-12,0,4.15,0.67,0.62,2.37,248.71,28,42,1.3112e-11,3.98637167504586e-07,"no",TRUE
"40",3030732,"chr6",31269076,31354197,85122,"+","ENSG00000288813","USP8P1;RPL3P2","psi5",8.5011e-09,0,3.24,0.42,0.41,5.37,147.2,187,444,2.55033e-08,0.000581522456948962,"no",TRUE
"41",3030732,"chr8",103021226,103040797,19572,"+","ATP6V1C1",NA,"psi3",1.802e-07,0,-3.28,0.55,-0.4,159.97,162.49,17,31,3.604e-07,0.00657422979722329,"no",TRUE
"42",3030773,"chr19",6381613,6381696,84,"-","GTF2F1",NA,"psi5",1.7789e-09,0,3.97,0.36,0.34,10.83,600.03,167,467,7.1156e-09,0.000626975425356532,"no",TRUE
"43",3030773,"chr7",35638473,35667433,28961,"-","HERPUD2",NA,"psi5",2.1987e-08,0,-5.1,0.64,-0.35,72.71,73.63,54,85,1.53909e-07,0.00678067631269314,"no",TRUE
"44",3030773,"chr19",6711197,6712256,1060,"-","C3",NA,"psi3",5.2698e-07,0,-2.96,0,-0.78,256.94,258.83,0,8,2.6349e-06,0.0487270821892132,"no",TRUE
"45",3030773,"chr10",97679914,97686765,6852,"-","AVPI1",NA,"psi5",6.9126e-07,0,3.41,1,0.91,5.6,52.2,52,52,2.76504e-06,0.0487270821892132,"no",TRUE
"46",3032087,"chr15",28649067,28650506,1440,"+","HERC2P9",NA,"psi3",2.6585e-10,0,4.46,0.48,0.46,1.29,133.46,45,94,3.7219e-09,0.000350615578774072,"no",TRUE
"47",3032087,"chr15",22554572,22556011,1440,"+","HERC2P2","ENSG00000291003","psi3",2.8807e-10,0,4.3,0.47,0.45,1.29,141.14,45,96,7.77789e-09,0.000366351783227796,"no",TRUE
"48",3032926,"chr6",44127352,44127353,2,"*","MRPL14","TMEM63B","theta",3.0455e-11,0,-4.89,0.57,-0.41,154.86,155.71,40,70,1.2182e-10,5.63648604343416e-06,"no",TRUE
"49",3032926,"chr7",100359538,100367001,7464,"+","STAG3L5P-PVRIG2P-PILRB","PILRB","psi5",3.6184e-10,0,4.45,0.38,0.37,1.51,169.63,49,128,5.06576e-09,0.00015625833491702,"no",TRUE
"50",3033273,"chr2",150487267,150487268,2,"*","RND3",NA,"theta",3.8139e-11,0,2.92,0.49,0.4,1.57,1317.23,25,51,3.8139e-11,3.28964212055622e-06,"no",TRUE
